,species,Jetz.species,match
1,Nectarinia sperata,Nectarinia_sperata,yes
2,Prinia inornata,Prinia_inornata,yes
3,Acrocephalus aedon,Acrocephalus_aedon,yes
4,Emberiza elegans,Emberiza_elegans,yes
5,Emberiza pusilla,Emberiza_pusilla,yes
6,Parus major,Parus_major,yes
7,Poecile montanus,Parus_montanus,no
8,Parus venustulus,Parus_venustulus,yes
9,Phylloscopus proregulus,Phylloscopus_proregulus,yes
10,Sitta europaea,Sitta_europaea,yes
11,Luscinia cyanura,Tarsiger_cyanurus,no
12,Acrocephalus agricola,Acrocephalus_agricola,yes
13,Cyanistes caeruleus,Parus_caeruleus,no
14,Eudynamys scolopaceus,Eudynamys_scolopaceus,yes
15,Saxicoloides fulicatus,Saxicoloides_fulicatus,yes
16,Acanthorhynchus tenuirostris,Acanthorhynchus_tenuirostris,yes
17,Accipiter brevipes,Accipiter_brevipes,yes
18,Accipiter francesiae,Accipiter_francesiae,yes
19,Accipiter gentilis,Accipiter_gentilis,yes
20,Accipiter cooperii,Accipiter_cooperii,yes
21,Accipiter soloensis,Accipiter_soloensis,yes
22,Accipiter tachiro,Accipiter_tachiro,yes
23,Bleda eximius,Bleda_eximius,yes
24,Bleda syndactylus,Bleda_syndactylus,yes
25,Campethera nivosa,Campethera_nivosa,yes
26,Fraseria cinerascens,Fraseria_cinerascens,yes
27,Merops malimbicus,Merops_malimbicus,yes
28,Neocossyphus fraseri,Stizorhina_fraseri,no
29,Neocossyphus poensis,Neocossyphus_poensis,yes
30,Oriolus brachyrhynchus,Oriolus_brachyrhynchus,yes
31,Dyaphorophyia castanea,Platysteira_castanea,no
32,Ploceus nigricollis,Ploceus_nigricollis,yes
33,Zoothera camaronensis,Zoothera_camaronensis,yes
34,Ficedula albicollis,Ficedula_albicollis,yes
35,Alethe fuelleborni,Alethe_fuelleborni,yes
36,Mirafra rufocinnamomea,Mirafra_rufocinnamomea,yes
37,Neocichla gutturalis,Neocichla_gutturalis,yes
38,Tockus alboterminatus,Tockus_alboterminatus,yes
39,Crex crex,Crex_crex,yes
40,Euplectes hordeaceus,Euplectes_hordeaceus,yes
41,Acrocephalus dumetorum,Acrocephalus_dumetorum,yes
42,Hippolais polyglotta,Hippolais_polyglotta,yes
43,Accipiter nisus,Accipiter_nisus,yes
44,Acrocephalus arundinaceus,Acrocephalus_arundinaceus,yes
45,Acrocephalus stentoreus,Acrocephalus_stentoreus,yes
46,Actenoides lindsayi,Actenoides_lindsayi,yes
47,Sturnus tristis,Acridotheres_tristis,no
48,Adelomyia melanogenys,Adelomyia_melanogenys,yes
49,Aegolius funereus,Aegolius_funereus,yes
50,Emberiza godlewskii,Emberiza_godlewskii,yes
51,Ficedula parva,Ficedula_parva,yes
52,Aegithina tiphia,Aegithina_tiphia,yes
53,Dicrurus leucophaeus,Dicrurus_leucophaeus,yes
54,Terpsiphone viridis,Terpsiphone_viridis,yes
55,Aegypius monachus,Aegypius_monachus,yes
56,Sylvia borin,Sylvia_borin,yes
57,Dicrurus adsimilis,Dicrurus_adsimilis,yes
58,Euplectes capensis,Euplectes_capensis,yes
59,Nectarinia venusta,Nectarinia_venusta,yes
60,Gymnoris superciliaris,Petronia_superciliaris,no
61,Ploceus ocularis,Ploceus_ocularis,yes
62,Ploceus velatus,Ploceus_velatus,yes
63,Pytilia melba,Pytilia_melba,yes
64,Quelea quelea,Quelea_quelea,yes
65,Hedydipna collaris,Anthreptes_collaris,no
66,Cyanomitra verticalis,Nectarinia_verticalis,no
67,Cyanomitra olivacea,Nectarinia_olivacea,no
68,Ploceus princeps,Ploceus_princeps,yes
69,Columba livia,Columba_livia,yes
70,Columba palumbus,Columba_palumbus,yes
71,Trachyphonus vaillantii,Trachyphonus_vaillantii,yes
72,Corvus albicollis,Corvus_albicollis,yes
73,Cisticola brachypterus,Cisticola_brachypterus,yes
74,Emberiza flaviventris,Emberiza_flaviventris,yes
75,Ceyx pictus,Ceyx_pictus,yes
76,Laniarius ferrugineus,Laniarius_ferrugineus,yes
77,Cinnyris mediocris,Nectarinia_mediocris,no
78,Ploceus baglafecht,Ploceus_baglafecht,yes
79,Batis dimorpha,Batis_capensis,no
80,Chrysococcyx klaas,Chrysococcyx_klaas,yes
81,Nectarinia afra,Nectarinia_afra,yes
82,Andropadus tephrolaemus,Andropadus_tephrolaemus,yes
83,Cisticola erythrops,Cisticola_erythrops,yes
84,Cisticola natalensis,Cisticola_natalensis,yes
85,Cisticola rufilatus,Cisticola_rufilatus,yes
86,Pytilia afra,Pytilia_afra,yes
87,Euplectes ardens,Euplectes_ardens,yes
88,Malaconotus blanchoti,Malaconotus_blanchoti,yes
89,Estrilda melanotis,Estrilda_melanotis,yes
90,Myrmecocichla arnotti,Myrmecocichla_arnoti,no
91,Lonchura cucullata,Lonchura_cucullata,yes
92,Cryptospiza reichenovii,Cryptospiza_reichenovii,yes
93,Pogonocichla stellata,Pogonocichla_stellata,yes
94,Serinus striolatus,Serinus_striolatus,yes
95,Batis molitor,Batis_molitor,yes
96,Lagonosticta rubricata,Lagonosticta_rubricata,yes
97,Colius striatus,Colius_striatus,yes
98,Merops pusillus,Merops_pusillus,yes
99,Amandava subflava,Amandava_subflava,yes
100,Lamprotornis chalybaeus,Lamprotornis_chalybaeus,yes
101,Turtur chalcospilos,Turtur_chalcospilos,yes
102,Milvus migrans,Milvus_migrans,yes
103,Numida meleagris,Numida_meleagris,yes
104,Serinus mozambicus,Serinus_mozambicus,yes
105,Oriolus auratus,Oriolus_auratus,yes
106,Indicator indicator,Indicator_indicator,yes
107,Cossypha heuglini,Cossypha_heuglini,yes
108,Hypargos niveoguttatus,Hypargos_niveoguttatus,yes
109,Tauraco corythaix,Tauraco_corythaix,yes
110,Melaniparus niger,Parus_niger,no
111,Centropus superciliosus,Centropus_superciliosus,yes
112,Cercotrichas barbata,Erythropygia_barbata,no
113,Treron calvus,Treron_calvus,yes
114,Campethera abingoni,Campethera_abingoni,yes
115,Lybius torquatus,Lybius_torquatus,yes
116,Illadopsis pyrrhopterum,Illadopsis_pyrrhoptera,no
117,Nectarinia senegalensis,Nectarinia_senegalensis,yes
118,Bradypterus baboecala,Bradypterus_baboecala,yes
119,Chalcomitra amethystina,Nectarinia_amethystina,no
120,Euplectes albonotatus,Euplectes_albonotatus,yes
121,Emberiza cabanisi,Emberiza_cabanisi,yes
122,Cossypha caffra,Cossypha_caffra,yes
123,Ploceus capensis,Ploceus_capensis,yes
124,Zosterops senegalensis,Zosterops_senegalensis,yes
125,Serinus canicollis,Serinus_canicollis,yes
126,Cisticola njombe,Cisticola_njombe,yes
127,Hirundo angolensis,Hirundo_angolensis,yes
128,Turdus abyssinicus,Turdus_olivaceus,no
129,Chloropeta natalensis,Chloropeta_natalensis,yes
130,Cisticola nigriloris,Cisticola_nigriloris,yes
131,Streptopelia semitorquata,Streptopelia_semitorquata,yes
132,Melaniparus griseiventris,Parus_griseiventris,no
133,Columba arquatrix,Columba_arquatrix,yes
134,Bradypterus cinnamomeus,Bradypterus_cinnamomeus,yes
135,Nectarinia kilimensis,Nectarinia_kilimensis,yes
136,Sarothrura rufa,Sarothrura_rufa,yes
137,Cossypha anomala,Cossypha_anomala,yes
138,Sheppardia sharpei,Sheppardia_sharpei,yes
139,Hypocnemis striata,Hypocnemis_striata,yes
140,Hypocnemoides maculicauda,Hypocnemoides_maculicauda,yes
141,Phlegopsis nigromaculata,Phlegopsis_nigromaculata,yes
142,Phyllastrephus flavostriatus,Phyllastrephus_flavostriatus,yes
143,Zoothera gurneyi,Zoothera_gurneyi,yes
144,Pogoniulus leucomystax,Pogoniulus_leucomystax,yes
145,Onychognathus tenuirostris,Onychognathus_tenuirostris,yes
146,Apaloderma vittatum,Apaloderma_vittatum,yes
147,Elminia albonotata,Elminia_albonotata,yes
148,Phyllastrephus cerviniventris,Phyllastrephus_cerviniventris,yes
149,Cisticola woosnami,Cisticola_woosnami,yes
150,Tchagra australis,Tchagra_australis,yes
151,Muscicapa caerulescens,Muscicapa_caerulescens,yes
152,Muscicapa adusta,Muscicapa_adusta,yes
153,Halcyon senegalensis,Halcyon_senegalensis,yes
154,Cercotrichas leucophrys,Erythropygia_leucophrys,no
155,Ploceus xanthops,Ploceus_xanthops,yes
156,Pycnonotus barbatus,Pycnonotus_barbatus,yes
157,Eurystomus glaucurus,Eurystomus_glaucurus,yes
158,Melaniparus rufiventris,Parus_rufiventris,no
159,Delichon urbicum,Delichon_urbicum,yes
160,Euplectes hartlaubi,Euplectes_hartlaubi,yes
161,Smithornis capensis,Smithornis_capensis,yes
162,Apalis thoracica,Apalis_thoracica,yes
163,Pseudoalcippe abyssinica,Pseudoalcippe_abyssinica,yes
164,Andropadus milanjensis,Andropadus_milanjensis,yes
165,Phylloscopus ruficapilla,Phylloscopus_ruficapilla,yes
166,Nectarinia olivacea,Nectarinia_olivacea,yes
167,Tockus nasutus,Tockus_nasutus,yes
168,Scopus umbretta,Scopus_umbretta,yes
169,Zosterops griseovirescens,Zosterops_griseovirescens,yes
170,Estrilda astrild,Estrilda_astrild,yes
171,Crithagra rufobrunnea,Serinus_rufobrunneus,no
172,Ploceus sanctithomae,Ploceus_sanctithomae,yes
173,Calamonastes stierlingi,Camaroptera_undosa,no
174,Heliolais erythropterus,Heliolais_erythropterus,yes
175,Laniarius fuelleborni,Laniarius_fuelleborni,yes
176,Serinus citrinelloides,Serinus_citrinelloides,yes
177,Francolinus levaillantii,Francolinus_levaillantii,yes
178,Merops apiaster,Merops_apiaster,yes
179,Turdus pelios,Turdus_pelios,yes
180,Turdus libonyana,Turdus_libonyanus,no
181,Luscinia svecica,Luscinia_svecica,yes
182,Gallinula chloropus,Gallinula_chloropus,yes
183,Melopsittacus undulatus,Melopsittacus_undulatus,yes
184,Turdus merula,Turdus_merula,yes
185,Turdus migratorius,Turdus_migratorius,yes
186,Agamia agami,Agamia_agami,yes
187,Chrysomus icterocephalus,Chrysomus_icterocephalus,yes
188,Agelastes niger,Agelastes_niger,yes
189,Ailuroedus melanotis,Ailuroedus_melanotis,yes
190,Alauda arvensis,Alauda_arvensis,yes
191,Zosterops lateralis,Zosterops_lateralis,yes
192,Zosterops flavifrons,Zosterops_flavifrons,yes
193,Zosterops xanthochroa,Zosterops_xanthochroa,yes
194,Criniger bres,Alophoixus_bres,no
195,Passer domesticus,Passer_domesticus,yes
196,Pomatorhinus ferruginosus,Pomatorhinus_ferruginosus,yes
197,Alcedo leucogaster,Alcedo_leucogaster,yes
198,Elminia nigromitrata,Elminia_nigromitrata,yes
199,Alcedo quadribrachys,Alcedo_quadribrachys,yes
200,Alethe diademata,Alethe_diademata,yes
201,Hylia prasina,Hylia_prasina,yes
202,Alcippe morrisonia,Alcippe_morrisonia,yes
203,Garrulax striatus,Garrulax_striatus,yes
204,Alethe poliocephala,Alethe_poliocephala,yes
205,Camaroptera brachyura,Camaroptera_brachyura,yes
206,Cossypha natalensis,Cossypha_natalensis,yes
207,Criniger calurus,Criniger_calurus,yes
208,Criniger chloronotus,Criniger_chloronotus,yes
209,Ammodramus aurifrons,Ammodramus_aurifrons,yes
210,Amphispiza bilineata,Amphispiza_bilineata,yes
211,Anas crecca,Anas_crecca,yes
212,Junco hyemalis,Junco_hyemalis,yes
213,Anas acuta,Anas_acuta,yes
214,Anas discors,Anas_discors,yes
215,Anabathmis hartlaubii,Nectarinia_hartlaubii,no
216,Anabathmis newtonii,Nectarinia_newtonii,no
217,Antilophia galeata,Antilophia_galeata,yes
218,Anisognathus igniventris,Anisognathus_igniventris,yes
219,Andropadus latirostris,Andropadus_latirostris,yes
220,Phyllastrephus icterinus,Phyllastrephus_icterinus,yes
221,Andropadus virens,Andropadus_virens,yes
222,Ficedula hypoleuca,Ficedula_hypoleuca,yes
223,Bleda notatus,Bleda_notatus,yes
224,Turdus philomelos,Turdus_philomelos,yes
225,Muscicapa striata,Muscicapa_striata,yes
226,Catharus guttatus,Catharus_guttatus,yes
227,Anthreptes seimundi,Nectarinia_seimundi,no
228,Anser fabalis,Anser_fabalis,yes
229,Cygnus cygnus,Cygnus_cygnus,yes
230,Anser indicus,Anser_indicus,yes
231,Phalacrocorax carbo,Phalacrocorax_carbo,yes
232,Tadorna ferruginea,Tadorna_ferruginea,yes
233,Anisognathus somptuosus,Anisognathus_somptuosus,yes
234,Anthus campestris,Anthus_campestris,yes
235,Anthus hodgsoni,Anthus_hodgsoni,yes
236,Aphelocoma californica,Aphelocoma_californica,yes
237,Pica nuttalli,Pica_nuttalli,yes
238,Aptenodytes patagonicus,Aptenodytes_patagonicus,yes
239,Aphrastura spinicauda,Aphrastura_spinicauda,yes
240,Elaenia albiceps,Elaenia_albiceps,yes
241,Troglodytes musculus,Troglodytes_aedon,no
242,Turdus falcklandii,Turdus_falcklandii,yes
243,Zonotrichia capensis,Zonotrichia_capensis,yes
244,Sephanoides sephanoides,Sephanoides_sephaniodes,no
245,Geothlypis trichas,Geothlypis_trichas,yes
246,Melospiza melodia,Melospiza_melodia,yes
247,Carduelis barbata,Carduelis_barbata,yes
248,Curaeus curaeus,Curaeus_curaeus,yes
249,Phrygilus patagonicus,Phrygilus_patagonicus,yes
250,Anairetes fernandezianus,Anairetes_fernandezianus,yes
251,Aramides cajanea,Aramides_cajanea,yes
252,Aratinga jandaya,Aratinga_jandaya,yes
253,Arachnothera magna,Arachnothera_magna,yes
254,Seicercus poliogenys,Seicercus_poliogenys,yes
255,Phylloscopus trochiloides,Phylloscopus_trochiloides,yes
256,Phylloscopus humei,Phylloscopus_humei,yes
257,Aratinga pertinax,Aratinga_pertinax,yes
258,Buarremon brunneinucha,Arremon_brunneinucha,no
259,Atlapetes melanocephalus,Atlapetes_melanocephalus,yes
260,Ardea alba,Casmerodius_albus,no
261,Megascops choliba,Megascops_choliba,yes
262,Arizelocichla tephrolaema,Andropadus_tephrolaemus,no
263,Arremon taciturnus,Arremon_taciturnus,yes
264,Megastictus margaritatus,Megastictus_margaritatus,yes
265,Acrocephalus baeticatus,Acrocephalus_baeticatus,yes
266,Acrocephalus palustris,Acrocephalus_palustris,yes
267,Acrocephalus scirpaceus,Acrocephalus_scirpaceus,yes
268,Asio otus,Asio_otus,yes
269,Atlapetes albinucha,Atlapetes_albinucha,yes
270,Athene noctua,Athene_noctua,yes
271,Atlapetes pallidinucha,Atlapetes_pallidinucha,yes
272,Attila cinnamomeus,Attila_cinnamomeus,yes
273,Automolus infuscatus,Automolus_infuscatus,yes
274,Automolus ochrolaemus,Automolus_ochrolaemus,yes
275,Cercomacra nigrescens,Cercomacra_nigrescens,yes
276,Automolus rufipileatus,Automolus_rufipileatus,yes
277,Galbula cyanicollis,Galbula_cyanicollis,yes
278,Thamnophilus amazonicus,Thamnophilus_amazonicus,yes
279,Automolus paraensis,Automolus_infuscatus,no
280,Attila spadiceus,Attila_spadiceus,yes
281,Thamnophilus schistaceus,Thamnophilus_schistaceus,yes
282,Epinecrophylla haematonota,Epinecrophylla_haematonota,yes
283,Thamnomanes saturninus,Thamnomanes_saturninus,yes
284,Willisornis poecilinotus,Willisornis_poecilinotus,yes
285,Gymnopithys salvini,Gymnopithys_salvini,yes
286,Paroaria capitata,Paroaria_capitata,yes
287,Rhynchocyclus olivaceus,Rhynchocyclus_olivaceus,yes
288,Baeolophus bicolor,Baeolophus_bicolor,yes
289,Troglodytes aedon,Troglodytes_aedon,yes
290,Melospiza lincolnii,Melospiza_lincolnii,yes
291,Passerella iliaca,Passerella_iliaca,yes
292,Pipilo maculatus,Pipilo_maculatus,yes
293,Molothrus ater,Molothrus_ater,yes
294,Myiothlypis coronatus,Basileuterus_coronatus,no
295,Cardellina pusilla,Wilsonia_pusilla,no
296,Sitta carolinensis,Sitta_carolinensis,yes
297,Seiurus noveboracensis,Seiurus_noveboracensis,yes
298,Basileuterus coronatus,Basileuterus_coronatus,yes
299,Conopophaga lineata,Conopophaga_lineata,yes
300,Basileuterus flaveolus,Basileuterus_flaveolus,yes
301,Tyrannus melancholicus,Tyrannus_melancholicus,yes
302,Tiaris fuliginosus,Tiaris_fuliginosus,yes
303,Paroaria dominicana,Paroaria_dominicana,yes
304,Thamnophilus pelzelni,Thamnophilus_pelzelni,yes
305,Coereba flaveola,Coereba_flaveola,yes
306,Tachyphonus rufus,Tachyphonus_rufus,yes
307,Coryphospingus pileatus,Coryphospingus_pileatus,yes
308,Basileuterus hypoleucus,Basileuterus_hypoleucus,yes
309,Basileuterus fulvicauda,Phaeothlypis_fulvicauda,no
310,Phaethornis yaruqui,Phaethornis_yaruqui,yes
311,Batis mixta,Batis_mixta,yes
312,Anthornis melanura,Anthornis_melanura,yes
313,Philesturnus carunculatus,Philesturnus_carunculatus,yes
314,Prosthemadera novaeseelandiae,Prosthemadera_novaeseelandiae,yes
315,Meliphaga lewinii,Meliphaga_lewinii,yes
316,Cinnyris pulchellus,Nectarinia_pulchella,no
317,Tetrao tetrix,Tetrao_tetrix,yes
318,Turdoides reinwardtii,Turdoides_reinwardii,no
319,Setophaga ruticilla,Setophaga_ruticilla,yes
320,Tyto alba,Tyto_alba,yes
321,Falco sparverius,Falco_sparverius,yes
322,Bubo virginianus,Bubo_virginianus,yes
323,Megascops kennicottii,Megascops_kennicottii,yes
324,Bonasa umbellus,Bonasa_umbellus,yes
325,Fringilla montifringilla,Fringilla_montifringilla,yes
326,Fringilla coelebs,Fringilla_coelebs,yes
327,Acrocephalus griseldis,Acrocephalus_griseldis,yes
328,Cercotrichas podobe,Cercotrichas_podobe,yes
329,Thamnolaea cinnamomeiventris,Myrmecocichla_cinnamomeiventris,no
330,Phoenicurus phoenicurus,Phoenicurus_phoenicurus,yes
331,Phylloscopus collybita,Phylloscopus_collybita,yes
332,Hippolais icterina,Hippolais_icterina,yes
333,Lanius collurio,Lanius_collurio,yes
334,Phylloscopus trochilus,Phylloscopus_trochilus,yes
335,Saxicola rubetra,Saxicola_rubetra,yes
336,Sylvia atricapilla,Sylvia_atricapilla,yes
337,Carpodacus erythrinus,Carpodacus_erythrinus,yes
338,Phylloscopus brehmi,Phylloscopus_ibericus,no
339,Pluvialis fulva,Pluvialis_fulva,yes
340,Buteo buteo,Buteo_buteo,yes
341,Buteo lagopus,Buteo_lagopus,yes
342,Calidris melanotos,Calidris_melanotos,yes
343,Accipiter striatus,Accipiter_striatus,yes
344,Aythya marila,Aythya_marila,yes
345,Turdus pallidus,Turdus_pallidus,yes
346,Cygnus columbianus,Cygnus_columbianus,yes
347,Poecile atricapilla,Parus_atricapillus,no
348,Poecile hudsonica,Parus_hudsonicus,no
349,Dendroica coronata,Dendroica_coronata,yes
350,Catharus ustulatus,Catharus_ustulatus,yes
351,Ixoreus naevius,Zoothera_naevia,no
352,Periparus ater,Parus_ater,no
353,Petrochelidon pyrrhonota,Petrochelidon_pyrrhonota,yes
354,Catharus minimus,Catharus_minimus,yes
355,Vermivora celata,Vermivora_celata,yes
356,Carduelis pinus,Carduelis_pinus,yes
357,Zonotrichia leucophrys,Zonotrichia_leucophrys,yes
358,Copsychus malabaricus,Copsychus_malabaricus,yes
359,Copsychus saularis,Copsychus_saularis,yes
360,Hypothymis azurea,Hypothymis_azurea,yes
361,Lonchura punctulata,Lonchura_punctulata,yes
362,Ploceus nigerrimus,Ploceus_nigerrimus,yes
363,Amandava amandava,Amandava_amandava,yes
364,Ploceus cucullatus,Ploceus_cucullatus,yes
365,Limosa lapponica,Limosa_lapponica,yes
366,Bubulcus ibis,Bubulcus_ibis,yes
367,Falco eleonorae,Falco_eleonorae,yes
368,Bubo bubo,Bubo_bubo,yes
369,Bucephala clangula,Bucephala_clangula,yes
370,Hypsipetes madagascariensis,Hypsipetes_madagascariensis,yes
371,Sarkidiornis melanotos,Sarkidiornis_melanotos,yes
372,Indicator variegatus,Indicator_variegatus,yes
373,Pycnonotus xanthopygos,Pycnonotus_xanthopygos,yes
374,Pycnonotus cafer,Pycnonotus_cafer,yes
375,Pycnonotus nigricans,Pycnonotus_nigricans,yes
376,Petronia dentata,Petronia_dentata,yes
377,Buteo jamaicensis,Buteo_jamaicensis,yes
378,Buteo lineatus,Buteo_lineatus,yes
379,Buteo regalis,Buteo_regalis,yes
380,Butorides striata,Butorides_striata,yes
381,Strix occidentalis,Strix_occidentalis,yes
382,Cacicus cela,Cacicus_cela,yes
383,Diglossa cyanea,Diglossa_cyanea,yes
384,Camaroptera chloronota,Camaroptera_chloronota,yes
385,Campephilus rubricollis,Campephilus_rubricollis,yes
386,Thryothorus leucotis,Thryothorus_leucotis,yes
387,Pheugopedius genibarbis,Thryothorus_genibarbis,no
388,Camptostoma obsoletum,Camptostoma_obsoletum,yes
389,Gnorimopsar chopi,Gnorimopsar_chopi,yes
390,Thamnophilus caerulescens,Thamnophilus_caerulescens,yes
391,Tetrao urogallus,Tetrao_urogallus,yes
392,Turdus pilaris,Turdus_pilaris,yes
393,Cardinalis cardinalis,Cardinalis_cardinalis,yes
394,Carduelis carduelis,Carduelis_carduelis,yes
395,Carduelis chloris,Carduelis_chloris,yes
396,Serinus serinus,Serinus_serinus,yes
397,Erithacus rubecula,Erithacus_rubecula,yes
398,Carduelis flammea,Carduelis_flammea,yes
399,Empidonax hammondii,Empidonax_hammondii,yes
400,Carpodacus mexicanus,Carpodacus_mexicanus,yes
401,Carpodacus pulcherrimus,Carpodacus_pulcherrimus,yes
402,Casiornis rufus,Casiornis_rufus,yes
403,Casiornis fuscus,Casiornis_fuscus,yes
404,Catharus aurantiirostris,Catharus_aurantiirostris,yes
405,Turdus fuscater,Turdus_fuscater,yes
406,Oporornis tolmiei,Oporornis_tolmiei,yes
407,Loxia curvirostra,Loxia_curvirostra,yes
408,Pipilo chlorurus,Pipilo_chlorurus,yes
409,Setophaga petechia,Dendroica_petechia,no
410,Regulus calendula,Regulus_calendula,yes
411,Emberiza cirlus,Emberiza_cirlus,yes
412,Ficedula semitorquata,Ficedula_semitorquata,yes
413,Lophophanes cristatus,Parus_cristatus,no
414,Ceyx lecontei,Ceyx_lecontei,yes
415,Illadopsis rufipennis,Illadopsis_rufipennis,yes
416,Parmoptila woodhousei,Parmoptila_woodhousei,yes
417,Certhia brachydactyla,Certhia_brachydactyla,yes
418,Cercomacra cinerascens,Cercomacra_cinerascens,yes
419,Pipra erythrocephala,Pipra_erythrocephala,yes
420,Pipra rubrocapilla,Pipra_rubrocapilla,yes
421,Cereopsis novaehollandiae,Cereopsis_novaehollandiae,yes
422,Cercomacra serva,Cercomacra_serva,yes
423,Cettia cetti,Cettia_cetti,yes
424,Chamaeza campanisona,Chamaeza_campanisona,yes
425,Chamaea fasciata,Chamaea_fasciata,yes
426,Chalcomitra fuliginosa,Nectarinia_fuliginosa,no
427,Chalcophaps indica,Chalcophaps_indica,yes
428,Chaetura spinicaudus,Chaetura_spinicaudus,yes
429,Psarocolius viridis,Psarocolius_viridis,yes
430,Chloroceryle aenea,Chloroceryle_aenea,yes
431,Chloroceryle inda,Chloroceryle_inda,yes
432,Chlorospingus ophthalmicus,Chlorospingus_ophthalmicus,yes
433,Circus aeruginosus,Circus_aeruginosus,yes
434,Gyps fulvus,Gyps_fulvus,yes
435,Accipiter virgatus,Accipiter_virgatus,yes
436,Buteo rufinus,Buteo_rufinus,yes
437,Larus cachinnans,Larus_cachinnans,yes
438,Larus argentatus,Larus_argentatus,yes
439,Dendrocopos minor,Dendrocopos_minor,yes
440,Larus mongolicus,Larus_argentatus,no
441,Cisticola anonymus,Cisticola_anonymus,yes
442,Anthobaphes violacea,Nectarinia_violacea,no
443,Cinnyris chalybeus,Nectarinia_chalybea,no
444,Promerops cafer,Promerops_cafer,yes
445,Cinnyris chloropygius,Nectarinia_chloropygia,no
446,Nectarinia chloropygia,Nectarinia_chloropygia,yes
447,Cyanomitra oritis,Nectarinia_oritis,no
448,Cinclus cinclus,Cinclus_cinclus,yes
449,Cinnyris coquerellii,Nectarinia_coquerellii,no
450,Cinnyris souimanga,Nectarinia_sovimanga,no
451,Nectarinia moreaui,Nectarinia_moreaui,yes
452,Cinnyris reichenowi,Nectarinia_preussi,no
453,Cinclocerthia ruficauda,Cinclocerthia_ruficauda,yes
454,Garrulus glandarius,Garrulus_glandarius,yes
455,Pica pica,Pica_pica,yes
456,Claravis pretiosa,Claravis_pretiosa,yes
457,Climacteris picumnus,Climacteris_picumnus,yes
458,Pardalotus punctatus,Pardalotus_punctatus,yes
459,Pardalotus striatus,Pardalotus_striatus,yes
460,Cistothorus palustris,Cistothorus_palustris,yes
461,Phylloscopus borealis,Phylloscopus_borealis,yes
462,Passerculus sandwichensis,Passerculus_sandwichensis,yes
463,Corvus brachyrhynchos,Corvus_brachyrhynchos,yes
464,Corvus corone,Corvus_corone,yes
465,Corvus macrorhynchos,Corvus_macrorhynchos,yes
466,Loxigilla noctis,Loxigilla_noctis,yes
467,Coeligena helianthea,Coeligena_helianthea,yes
468,Columbina buckleyi,Columbina_buckleyi,yes
469,Columbina talpacoti,Columbina_talpacoti,yes
470,Coccyzus melacoryphus,Coccyzus_melacoryphus,yes
471,Columbina cruziana,Columbina_cruziana,yes
472,Leptotila verreauxi,Leptotila_verreauxi,yes
473,Collocalia esculenta,Collocalia_esculenta,yes
474,Columbina inca,Columbina_inca,yes
475,Streptopelia orientalis,Streptopelia_orientalis,yes
476,Motacilla flava,Motacilla_flava,yes
477,Passer hispaniolensis,Passer_hispaniolensis,yes
478,Locustella luscinioides,Locustella_luscinioides,yes
479,Emberiza cia,Emberiza_cia,yes
480,Euplectes orix,Euplectes_orix,yes
481,Scenopoeetes dentirostris,Scenopoeetes_dentirostris,yes
482,Rhinomyias albigularis,Rhinomyias_albigularis,yes
483,Turdus mupinensis,Turdus_mupinensis,yes
484,Cyornis concretus,Cyornis_concretus,yes
485,Ficedula speculigera,Ficedula_hypoleuca,no
486,Poospiza lateralis,Poospiza_lateralis,yes
487,Coryphistera alaudina,Coryphistera_alaudina,yes
488,Limnornis curvirostris,Limnornis_curvirostris,yes
489,Mimus saturninus,Mimus_saturninus,yes
490,Stephanophorus diadematus,Stephanophorus_diadematus,yes
491,Dolichonyx oryzivorus,Dolichonyx_oryzivorus,yes
492,Hirundo rustica,Hirundo_rustica,yes
493,Foudia madagascariensis,Foudia_madagascariensis,yes
494,Ploceus grandis,Ploceus_grandis,yes
495,Cinnyris ludovicensis,Nectarinia_ludovicensis,no
496,Columba malherbii,Columba_malherbii,yes
497,Colluricincla megarhyncha,Colluricincla_megarhyncha,yes
498,Colluricincla boweri,Colluricincla_boweri,yes
499,Columbina passerina,Columbina_passerina,yes
500,Zenaida graysoni,Zenaida_graysoni,yes
501,Thamnophilus doliatus,Thamnophilus_doliatus,yes
502,Myiophobus fasciatus,Myiophobus_fasciatus,yes
503,Scardafella squammata,Columbina_squammata,no
504,Fregata magnificens,Fregata_magnificens,yes
505,Conopophaga melanops,Conopophaga_melanops,yes
506,Leptopogon amaurocephalus,Leptopogon_amaurocephalus,yes
507,Philydor rufum,Philydor_rufum,yes
508,Polioptila plumbea,Polioptila_plumbea,yes
509,Thraupis sayaca,Thraupis_sayaca,yes
510,Tolmomyias flaviventris,Tolmomyias_flaviventris,yes
511,Trichothraupis melanops,Trichothraupis_melanops,yes
512,Nonnula rubecula,Nonnula_rubecula,yes
513,Volatinia jacarina,Volatinia_jacarina,yes
514,Copsychus luzoniensis,Copsychus_luzoniensis,yes
515,Caprimulgus macrurus,Caprimulgus_macrurus,yes
516,Lamprotornis regius,Cosmopsarus_regius,no
517,Coracias garrulus,Coracias_garrulus,yes
518,Veniliornis affinis,Veniliornis_affinis,yes
519,Veniliornis passerinus,Veniliornis_passerinus,yes
520,Cinnyris cupreus,Nectarinia_cuprea,no
521,Cinnyris venustus,Nectarinia_venusta,no
522,Coturnix coturnix,Coturnix_coturnix,yes
523,Cracticus louisiadensis,Cracticus_louisiadensis,yes
524,Crateroscelis murina,Crateroscelis_murina,yes
525,Cracticus nigrogularis,Cracticus_nigrogularis,yes
526,Cracticus quoyi,Cracticus_quoyi,yes
527,Cranioleuca vulpina,Cranioleuca_vulpina,yes
528,Creatophora cinerea,Creatophora_cinerea,yes
529,Creagrus furcatus,Creagrus_furcatus,yes
530,Anous stolidus,Anous_stolidus,yes
531,Crithagra capistrata,Serinus_capistratus,no
532,Crithagra mozambica,Serinus_mozambicus,no
533,Neospiza concolor,Neospiza_concolor,yes
534,Turdus olivaceofuscus,Turdus_olivaceofuscus,yes
535,Lonchura bicolor,Lonchura_bicolor,yes
536,Cuculus fugax,Cuculus_fugax,yes
537,Turdus viscivorus,Turdus_viscivorus,yes
538,Strix aluco,Strix_aluco,yes
539,Sylvia communis,Sylvia_communis,yes
540,Sylvia conspicillata,Sylvia_conspicillata,yes
541,Sylvia curruca,Sylvia_curruca,yes
542,Sylvia nisoria,Sylvia_nisoria,yes
543,Tadorna tadorna,Tadorna_tadorna,yes
544,Crossoptilon crossoptilon,Crossoptilon_crossoptilon,yes
545,Grus grus,Grus_grus,yes
546,Passer montanus,Passer_montanus,yes
547,Coccothraustes coccothraustes,Coccothraustes_coccothraustes,yes
548,Zosterops japonicus,Zosterops_japonicus,yes
549,Grus nigricollis,Grus_nigricollis,yes
550,Geronticus calvus,Geronticus_calvus,yes
551,Cyanopica cooki,Cyanopica_cyanus,no
552,Cyanocompsa cyanoides,Cyanocompsa_cyanoides,yes
553,Cinnyris fuelleborni,Nectarinia_fuelleborni,no
554,Spermophaga haematina,Spermophaga_haematina,yes
555,Nectarinia oritis,Nectarinia_oritis,yes
556,Ploceus melanogaster,Ploceus_melanogaster,yes
557,Cyanopica cyanus,Cyanopica_cyanus,yes
558,Pyrrhocorax pyrrhocorax,Pyrrhocorax_pyrrhocorax,yes
559,Cyanocitta stelleri,Cyanocitta_stelleri,yes
560,Icterus cayanensis,Icterus_cayanensis,yes
561,Lepidothrix coronata,Lepidothrix_coronata,yes
562,Thamnomanes caesius,Thamnomanes_caesius,yes
563,Myrmornis torquata,Myrmornis_torquata,yes
564,Myrmoborus myotherinus,Myrmoborus_myotherinus,yes
565,Sclerurus caudacutus,Sclerurus_caudacutus,yes
566,Microbates collaris,Microbates_collaris,yes
567,Geotrygon montana,Geotrygon_montana,yes
568,Dixiphia pipra,Pipra_pipra,no
569,Hylexetastes perrotii,Hylexetastes_perrotii,yes
570,Pithys albifrons,Pithys_albifrons,yes
571,Cyanoptila cyanomelana,Cyanoptila_cyanomelana,yes
572,Cyanerpes cyaneus,Cyanerpes_cyaneus,yes
573,Anas platyrhynchos,Anas_platyrhynchos,yes
574,Cymbilaimus sanctaemariae,Cymbilaimus_sanctaemariae,yes
575,Cyphorhinus arada,Cyphorhinus_arada,yes
576,Cypsnagra hirundinacea,Cypsnagra_hirundinacea,yes
577,Dacnis cayana,Dacnis_cayana,yes
578,Deconychura longicauda,Deconychura_longicauda,yes
579,Deleornis fraseri,Anthreptes_fraseri,no
580,Chrysomma sinense,Chrysomma_sinense,yes
581,Oriolus oriolus,Oriolus_oriolus,yes
582,Egretta garzetta,Egretta_garzetta,yes
583,Dendrocygna autumnalis,Dendrocygna_autumnalis,yes
584,Rynchops niger,Rynchops_niger,yes
585,Dendrocolaptes certhia,Dendrocolaptes_certhia,yes
586,Malacoptila rufa,Malacoptila_rufa,yes
587,Saltator coerulescens,Saltator_coerulescens,yes
588,Dendroica caerulescens,Dendroica_caerulescens,yes
589,Dendroica discolor,Dendroica_discolor,yes
590,Dendrocincla fuliginosa,Dendrocincla_fuliginosa,yes
591,Dendrocygna javanica,Dendrocygna_javanica,yes
592,Dendroica magnolia,Dendroica_magnolia,yes
593,Dendrocincla merula,Dendrocincla_merula,yes
594,Thamnophilus aethiops,Thamnophilus_aethiops,yes
595,Dendroica pensylvanica,Dendroica_pensylvanica,yes
596,Vireo griseus,Vireo_griseus,yes
597,Cacicus haemorrhous,Cacicus_haemorrhous,yes
598,Diopsittaca nobilis,Diopsittaca_nobilis,yes
599,Cranioleuca pyrrhophia,Cranioleuca_pyrrhophia,yes
600,Basileuterus culicivorus,Basileuterus_culicivorus,yes
601,Basileuterus leucoblepharus,Basileuterus_leucoblepharus,yes
602,Thryothorus longirostris,Thryothorus_longirostris,yes
603,Formicivora melanogaster,Formicivora_melanogaster,yes
604,Pachyramphus polychopterus,Pachyramphus_polychopterus,yes
605,Parula pitiayumi,Parula_pitiayumi,yes
606,Turdus leucomelas,Turdus_leucomelas,yes
607,Turdus rufiventris,Turdus_rufiventris,yes
608,Alopochen aegyptiacus,Alopochen_aegyptiaca,no
609,Riparia riparia,Riparia_riparia,yes
610,Spheniscus magellanicus,Spheniscus_magellanicus,yes
611,Cygnus atratus,Cygnus_atratus,yes
612,Netta erythrophthalma,Netta_erythrophthalma,yes
613,Pipile jacutinga,Pipile_jacutinga,yes
614,Psarocolius decumanus,Psarocolius_decumanus,yes
615,Phoenicopterus chilensis,Phoenicopterus_chilensis,yes
616,Ramphastos toco,Ramphastos_toco,yes
617,Guaruba guarouba,Guaruba_guarouba,yes
618,Ramphocelus carbo,Ramphocelus_carbo,yes
619,Thamnophilus nigrocinereus,Thamnophilus_nigrocinereus,yes
620,Hemithraupis guira,Hemithraupis_guira,yes
621,Cacicus solitarius,Cacicus_solitarius,yes
622,Hypocnemis subflava,Hypocnemis_subflava,yes
623,Pipra fasciicauda,Pipra_fasciicauda,yes
624,Turdus hauxwelli,Turdus_hauxwelli,yes
625,Xiphorhynchus ocellatus,Xiphorhynchus_ocellatus,yes
626,Setophaga striata,Dendroica_striata,no
627,Dendrocitta vagabunda,Dendrocitta_vagabunda,yes
628,Dendrocygna viduata,Dendrocygna_viduata,yes
629,Pavo cristatus,Pavo_cristatus,yes
630,Dendrocincla turdina,Dendrocincla_turdina,yes
631,Myrmotherula axillaris,Myrmotherula_axillaris,yes
632,Dicrurus balicassius,Dicrurus_balicassius,yes
633,Dichrozona cincta,Dichrozona_cincta,yes
634,Dicaeum trigonostigma,Dicaeum_trigonostigma,yes
635,Buthraupis montana,Buthraupis_montana,yes
636,Diglossopis caerulescens,Diglossa_caerulescens,no
637,Diglossa albilatera,Diglossa_albilatera,yes
638,Hemispingus verticalis,Hemispingus_verticalis,yes
639,Diglossa lafresnayii,Diglossa_lafresnayii,yes
640,Anisognathus lacrymosus,Anisognathus_lacrymosus,yes
641,Diglossa humeralis,Diglossa_humeralis,yes
642,Dolospingus fringilloides,Dolospingus_fringilloides,yes
643,Icterus nigrogularis,Icterus_nigrogularis,yes
644,Icterus chrysocephalus,Icterus_cayanensis,no
645,Prunella modularis,Prunella_modularis,yes
646,Emberiza citrinella,Emberiza_citrinella,yes
647,Lagopus lagopus,Lagopus_lagopus,yes
648,Dysithamnus mentalis,Dysithamnus_mentalis,yes
649,Capsiempis flaveola,Capsiempis_flaveola,yes
650,Dendrocolaptes platyrostris,Dendrocolaptes_platyrostris,yes
651,Myiarchus tuberculifer,Myiarchus_tuberculifer,yes
652,Myiodynastes maculatus,Myiodynastes_maculatus,yes
653,Pitangus sulphuratus,Pitangus_sulphuratus,yes
654,Elaenia parvirostris,Elaenia_parvirostris,yes
655,Elaenia flavogaster,Elaenia_flavogaster,yes
656,Empidonax alnorum,Empidonax_alnorum,yes
657,Emberizoides herbicola,Emberizoides_herbicola,yes
658,Sturnella militaris,Sturnella_militaris,yes
659,Embernagra platensis,Embernagra_platensis,yes
660,Sula nebouxii,Sula_nebouxii,yes
661,Sylvia melanocephala,Sylvia_melanocephala,yes
662,Sylvia deserticola,Sylvia_deserticola,yes
663,Emberiza hortulana,Emberiza_hortulana,yes
664,Pheucticus melanocephalus,Pheucticus_melanocephalus,yes
665,Emberiza rutila,Emberiza_rutila,yes
666,Emberiza spodocephala,Emberiza_spodocephala,yes
667,Phylloscopus nitidus,Phylloscopus_nitidus,yes
668,Saxicola torquata,Saxicola_torquatus,no
669,Emberiza tristrami,Emberiza_tristrami,yes
670,Enicurus ruficapillus,Enicurus_ruficapillus,yes
671,Eopsaltria australis,Eopsaltria_australis,yes
672,Eophona personata,Eophona_personata,yes
673,Erythrura prasina,Erythrura_prasina,yes
674,Erythrura viridifacies,Erythrura_viridifacies,yes
675,Estrilda melpoda,Estrilda_melpoda,yes
676,Turtur afer,Turtur_afer,yes
677,Aplopelia larvata,Aplopelia_larvata,yes
678,Euphonia chlorotica,Euphonia_chlorotica,yes
679,Eudynamys cyanocephala,Eudynamys_orientalis,no
680,Eudocimus ruber,Eudocimus_ruber,yes
681,Eulacestoma nigropectus,Eulacestoma_nigropectus,yes
682,Icteria virens,Icteria_virens,yes
683,Eudyptula minor,Eudyptula_minor,yes
684,Tolmomyias sulphurescens,Tolmomyias_sulphurescens,yes
685,Euphonia xanthogaster,Euphonia_xanthogaster,yes
686,Eutoxeres aquila,Eutoxeres_aquila,yes
687,Phaethornis guy,Phaethornis_guy,yes
688,Euphonia violacea,Euphonia_violacea,yes
689,Euphonia laniirostris,Euphonia_laniirostris,yes
690,Rhipidura rufifrons,Rhipidura_rufifrons,yes
691,Poecilodryas albispecularis,Heteromyias_albispecularis,no
692,Pachycephala simplex,Pachycephala_simplex,yes
693,Sericornis magnirostris,Sericornis_magnirostra,no
694,Rhipidura rufiventris,Rhipidura_rufiventris,yes
695,Formicarius colma,Formicarius_colma,yes
696,Hypsipetes parvirostris,Hypsipetes_parvirostris,yes
697,Cinnyris comorensis,Nectarinia_comorensis,no
698,Nectarinia humbloti,Nectarinia_humbloti,yes
699,Formicarius analis,Formicarius_analis,yes
700,Formicivora grisea,Formicivora_grisea,yes
701,Drymophila squamata,Drymophila_squamata,yes
702,Formicivora serrana,Formicivora_serrana,yes
703,Foudia eminentissima,Foudia_eminentissima,yes
704,Cinnyris dussumieri,Nectarinia_dussumieri,no
705,Foudia sechellarum,Foudia_sechellarum,yes
706,Fregata andrewsi,Fregata_andrewsi,yes
707,Fregata minor,Fregata_minor,yes
708,Fregata aquila,Fregata_aquila,yes
709,Furnarius leucopus,Furnarius_leucopus,yes
710,Furnarius rufus,Furnarius_rufus,yes
711,Galbula albirostris,Galbula_albirostris,yes
712,Gallus gallus,Gallus_gallus,yes
713,Quiscalus quiscula,Quiscalus_quiscula,yes
714,Myiarchus swainsoni,Myiarchus_swainsoni,yes
715,Myiarchus ferox,Myiarchus_ferox,yes
716,Myiobius barbatus,Myiobius_barbatus,yes
717,Garrulax pectoralis,Garrulax_pectoralis,yes
718,Galbula ruficauda,Galbula_ruficauda,yes
719,Garrulax sannio,Garrulax_sannio,yes
720,Gavia immer,Gavia_immer,yes
721,Camaroptera brevicaudata,Camaroptera_brachyura,no
722,Zenaida galapagoensis,Zenaida_galapagoensis,yes
723,Leptotila rufaxilla,Leptotila_rufaxilla,yes
724,Zenaida macroura,Zenaida_macroura,yes
725,Leptotila plumbeiceps,Leptotila_plumbeiceps,yes
726,Geospiza fuliginosa,Geospiza_fuliginosa,yes
727,Geotrygon linearis,Geotrygon_linearis,yes
728,Helmitheros vermivorum,Helmitheros_vermivorum,yes
729,Euneornis campestris,Euneornis_campestris,yes
730,Passerina amoena,Passerina_amoena,yes
731,Dendroica adelaidae,Dendroica_adelaidae,yes
732,Gerygone palpebrosa,Gerygone_palpebrosa,yes
733,Athene brama,Athene_brama,yes
734,Glaucidium cuculoides,Glaucidium_cuculoides,yes
735,Orthotomus sutorius,Orthotomus_sutorius,yes
736,Tephrodornis pondicerianus,Tephrodornis_pondicerianus,yes
737,Gyps tenuirostris,Gyps_tenuirostris,yes
738,Glaucidium sjostedti,Glaucidium_sjostedti,yes
739,Glyphorynchus spirurus,Glyphorynchus_spirurus,yes
740,Turdus amaurochalinus,Turdus_amaurochalinus,yes
741,Gorsachius goisagi,Gorsachius_goisagi,yes
742,Grallaria quitensis,Grallaria_quitensis,yes
743,Grallaria ruficapilla,Grallaria_ruficapilla,yes
744,Grus americana,Grus_americana,yes
745,Acrocephalus sechellensis,Acrocephalus_sechellensis,yes
746,Sylvia cantillans,Sylvia_cantillans,yes
747,Acrocephalus gracilirostris,Acrocephalus_gracilirostris,yes
748,Carduelis spinus,Carduelis_spinus,yes
749,Philomachus pugnax,Philomachus_pugnax,yes
750,Acrocephalus schoenobaenus,Acrocephalus_schoenobaenus,yes
751,Acrocephalus paludicola,Acrocephalus_paludicola,yes
752,Acrocephalus mendanae,Acrocephalus_mendanae,yes
753,Cercomela fusca,Cercomela_fusca,yes
754,Dumetella carolinensis,Dumetella_carolinensis,yes
755,Foudia flavicans,Foudia_flavicans,yes
756,Hemignathus flavus,Hemignathus_flavus,yes
757,Hemignathus virens,Hemignathus_virens,yes
758,Himatione sanguinea,Himatione_sanguinea,yes
759,Hippolais pallida,Hippolais_pallida,yes
760,Humblotia flavirostris,Humblotia_flavirostris,yes
761,Lonchura malacca,Lonchura_malacca,yes
762,Loxigilla violacea,Loxigilla_violacea,yes
763,Megalurus palustris,Megalurus_palustris,yes
764,Mimus gilvus,Mimus_gilvus,yes
765,Nectarinia notata,Nectarinia_notata,yes
766,Neochmia temporalis,Neochmia_temporalis,yes
767,Orthotomus cucullatus,Orthotomus_cuculatus,no
768,Paradoxornis webbianus,Paradoxornis_webbianus,yes
769,Stachyris pyrrhops,Stachyris_pyrrhops,yes
770,Sturnus vulgaris,Sturnus_vulgaris,yes
771,Vestiaria coccinea,Vestiaria_coccinea,yes
772,Zosterops borbonicus,Zosterops_borbonicus,yes
773,Zosterops chloronothos,Zosterops_chloronothus,no
774,Zosterops maderaspatanus,Zosterops_maderaspatanus,yes
775,Zosterops mouroniensis,Zosterops_mouroniensis,yes
776,Lonchura malabarica,Lonchura_malabarica,yes
777,Tylas eduardi,Tylas_eduardi,yes
778,Zosterops mayottensis,Zosterops_mayottensis,yes
779,Notiomystis cincta,Notiomystis_cincta,yes
780,Acrocephalus orientalis,Acrocephalus_arundinaceus,no
781,Nectarinia famosa,Nectarinia_famosa,yes
782,Zosterops capensis,Zosterops_pallidus,no
783,Ardea herodias,Ardea_herodias,yes
784,Crateroscelis robusta,Crateroscelis_robusta,yes
785,Linurgus olivaceus,Linurgus_olivaceus,yes
786,Tachycineta bicolor,Tachycineta_bicolor,yes
787,Alcedo atthis,Alcedo_atthis,yes
788,Rimator malacoptilus,Rimator_malacoptilus,yes
789,Strix varia,Strix_varia,yes
790,Petroica australis,Petroica_australis,yes
791,Mohoua albicilla,Mohoua_albicilla,yes
792,Apteryx australis,Apteryx_australis,yes
793,Petroica longipes,Petroica_australis,no
794,Malacoptila striata,Malacoptila_striata,yes
795,Zosterops ficedulinus,Zosterops_ficedulinus,yes
796,Zosterops leucophaeus,Speirops_leucophoeus,no
797,Coscoroba coscoroba,Coscoroba_coscoroba,yes
798,Donacobius atricapilla,Donacobius_atricapilla,yes
799,Sporophila americana,Sporophila_americana,yes
800,Andropadus gracilis,Andropadus_gracilis,yes
801,Chalcomitra rubescens,Nectarinia_rubescens,no
802,Cossypha niveicapilla,Cossypha_niveicapilla,yes
803,Malimbus nitens,Malimbus_nitens,yes
804,Muscicapa olivascens,Muscicapa_olivascens,yes
805,Neocossyphus rufus,Neocossyphus_rufus,yes
806,Nicator chloris,Nicator_chloris,yes
807,Pyrenestes ostrinus,Pyrenestes_ostrinus,yes
808,Stiphrornis erythrothorax,Stiphrornis_erythrothorax,yes
809,Andropadus chlorigula,Andropadus_nigriceps,no
810,Andropadus masukuensis,Andropadus_masukuensis,yes
811,Modulatrix stictigula,Modulatrix_stictigula,yes
812,Uraeginthus angolensis,Uraeginthus_angolensis,yes
813,Psalidoprocne albiceps,Psalidoprocne_albiceps,yes
814,Luscinia luscinia,Luscinia_luscinia,yes
815,Chrysolophus amherstiae,Chrysolophus_amherstiae,yes
816,Lophophorus impejanus,Lophophorus_impejanus,yes
817,Delichon dasypus,Delichon_dasypus,yes
818,Pycnonotus capensis,Pycnonotus_capensis,yes
819,Cyanistes teneriffae,Parus_teneriffae,no
820,Phoenicurus ochruros,Phoenicurus_ochruros,yes
821,Pyrrhula pyrrhula,Pyrrhula_pyrrhula,yes
822,Troglodytes troglodytes,Troglodytes_troglodytes,yes
823,Malurus cyaneus,Malurus_cyaneus,yes
824,Malurus melanocephalus,Malurus_melanocephalus,yes
825,Malurus lamberti,Malurus_lamberti,yes
826,Pachycephala pectoralis,Pachycephala_pectoralis,yes
827,Phylloscopus sindianus,Phylloscopus_sindianus,yes
828,Gymnopithys leucaspis,Gymnopithys_leucaspis,yes
829,Gyps bengalensis,Gyps_bengalensis,yes
830,Habia rubica,Habia_rubica,yes
831,Halcyon malimbica,Halcyon_malimbica,yes
832,Syma torotoro,Syma_torotoro,yes
833,Haliaeetus vocifer,Haliaeetus_vocifer,yes
834,Heliangelus amethysticollis,Heliangelus_amethysticollis,yes
835,Metallura tyrianthina,Metallura_tyrianthina,yes
836,Anas sp.,,no
837,Heliodoxa schreibersii,Heliodoxa_schreibersii,yes
838,Hemispingus atropileus,Hemispingus_atropileus,yes
839,Hemitriccus griseipectus,Hemitriccus_griseipectus,yes
840,Tetrastes bonasia,Bonasa_bonasia,no
841,Hippolais caligata,Hippolais_caligata,yes
842,Phoenicurus moussieri,Phoenicurus_moussieri,yes
843,Ficedula elisae,Ficedula_narcissina,no
844,Phylloscopus inornatus,Phylloscopus_inornatus,yes
845,Phylloscopus armandii,Phylloscopus_armandii,yes
846,Hypsipetes borbonicus,Hypsipetes_borbonicus,yes
847,Hylophylax naevius,Hylophylax_naevius,yes
848,Hylophilus ochraceiceps,Hylophilus_ochraceiceps,yes
849,Hylophylax punctulatus,Hylophylax_punctulatus,yes
850,Hyloctistes subulatus,Hyloctistes_subulatus,yes
851,Syndactyla ruficollis,Syndactyla_ruficollis,yes
852,Hypsipetes amaurotis,Ixos_amaurotis,no
853,Hypocnemis cantator,Hypocnemis_cantator,yes
854,Ixos philippinus,Ixos_philippinus,yes
855,Sitta frontalis,Sitta_frontalis,yes
856,Hypocnemis ochrogyna,Hypocnemis_ochrogyna,yes
857,Schistocichla leucostigma,Schistocichla_leucostigma,yes
858,Hylocryptus rectirostris,Hylocryptus_rectirostris,yes
859,Icterus leucopteryx,Icterus_leucopteryx,yes
860,Iduna opaca,Hippolais_opaca,no
861,Illadopsis cleaveri,Illadopsis_cleaveri,yes
862,Ilicura militaris,Ilicura_militaris,yes
863,Indicator maculatus,Indicator_maculatus,yes
864,Pogoniulus subsulphureus,Pogoniulus_subsulphureus,yes
865,Iole olivacea,Iole_olivacea,yes
866,Iole propinqua,Iole_propinqua,yes
867,Myrmotherula guttata,Myrmotherula_guttata,yes
868,Myrmotherula hauxwelli,Myrmotherula_hauxwelli,yes
869,Ixobrychus minutus,Ixobrychus_minutus,yes
870,Ixobrychus flavicollis,Ixobrychus_flavicollis,yes
871,Knipolegus poecilocercus,Knipolegus_poecilocercus,yes
872,Callaeas cinerea,Callaeas_cinereus,no
873,Lacedo pulchella,Lacedo_pulchella,yes
874,Tricholestes criniger,Tricholestes_criniger,yes
875,Lanius cristatus,Lanius_cristatus,yes
876,Lamprotornis iris,Coccycolius_iris,no
877,Lalage leucomela,Lalage_leucomela,yes
878,Myzomela nigrita,Myzomela_nigrita,yes
879,Lamprospiza melanoleuca,Lamprospiza_melanoleuca,yes
880,Lamprotornis purpureiceps,Lamprotornis_purpureiceps,yes
881,Sturnus roseus,Sturnus_roseus,yes
882,Lagopus muta,Lagopus_muta,yes
883,Coturnix japonica,Coturnix_japonica,yes
884,Lanius bucephalus,Lanius_bucephalus,yes
885,Larus crassirostris,Larus_crassirostris,yes
886,Larosterna inca,Larosterna_inca,yes
887,Leucophaeus scoresbii,Leucophaeus_scoresbii,yes
888,Lathrotriccus euleri,Lathrotriccus_euleri,yes
889,Estrilda caerulescens,Estrilda_caerulescens,yes
890,Estrilda troglodytes,Estrilda_troglodytes,yes
891,Anthus similis,Anthus_similis,yes
892,Phylloscopus occipitalis,Phylloscopus_occipitalis,yes
893,Leiothlypis peregrina,Vermivora_peregrina,no
894,Lepidocolaptes angustirostris,Lepidocolaptes_angustirostris,yes
895,Corythopis torquatus,Corythopis_torquatus,yes
896,Myiobius atricaudus,Myiobius_atricaudus,yes
897,Cryptopipo holochlora,Xenopipo_holochlora,no
898,Chiroxiphia pareola,Chiroxiphia_pareola,yes
899,Epinecrophylla erythrura,Epinecrophylla_erythrura,yes
900,Machaeropterus pyrocephalus,Machaeropterus_pyrocephalus,yes
901,Lepidothrix nattereri,Lepidothrix_nattereri,yes
902,Polioptila paraensis,Polioptila_guianensis,no
903,Lepidothrix vilasboasi,Lepidothrix_vilasboasi,yes
904,Lichenostomus frenatus,Lichenostomus_frenatus,yes
905,Melithreptus albogularis,Melithreptus_albogularis,yes
906,Lichenostomus chrysops,Lichenostomus_chrysops,yes
907,Lichenostomus versicolor,Lichenostomus_versicolor,yes
908,Conopophila albogularis,Conopophila_albogularis,yes
909,Myiagra alecto,Myiagra_alecto,yes
910,Myzomela erythrocephala,Myzomela_erythrocephala,yes
911,Myzomela obscura,Myzomela_obscura,yes
912,Rhipidura leucophrys,Rhipidura_leucophrys,yes
913,Carduelis cannabina,Carduelis_cannabina,yes
914,Apteryx haastii,Apteryx_haastii,yes
915,Spheniscus humboldti,Spheniscus_humboldti,yes
916,Fulica cristata,Fulica_cristata,yes
917,Cisticola fulvicapilla,Cisticola_fulvicapilla,yes
918,Serinus atrogularis,Serinus_atrogularis,yes
919,Morus capensis,Morus_capensis,yes
920,Passer rufocinctus,Passer_rufocinctus,yes
921,Riparia paludicola,Riparia_paludicola,yes
922,Melaenornis silens,Sigelus_silens,no
923,Falco naumanni,Falco_naumanni,yes
924,Falco tinnunculus,Falco_tinnunculus,yes
925,Anthus berthelotii,Anthus_berthelotii,yes
926,Galerida cristata,Galerida_cristata,yes
927,Loxia leucoptera,Loxia_leucoptera,yes
928,Loxigilla portoricensis,Loxigilla_portoricensis,yes
929,Acrocephalus rufescens,Acrocephalus_rufescens,yes
930,Luscinia megarhynchos,Luscinia_megarhynchos,yes
931,Macropygia amboinensis,Macropygia_amboinensis,yes
932,Machaerirhynchus flaviventer,Machaerirhynchus_flaviventer,yes
933,Manacus manacus,Manacus_manacus,yes
934,Xenopipo atronitens,Xenopipo_atronitens,yes
935,Hemitriccus margaritaceiventer,Hemitriccus_margaritaceiventer,yes
936,Margarops fuscatus,Margarops_fuscatus,yes
937,Margarops fuscus,Margarops_fuscus,yes
938,Melanerpes erythrocephalus,Melanerpes_erythrocephalus,yes
939,Malacoptila fusca,Malacoptila_fusca,yes
940,Poicephalus meyeri,Poicephalus_meyeri,yes
941,Malimbus rubricollis,Malimbus_rubricollis,yes
942,Parus palustris,Parus_palustris,yes
943,Merops breweri,Merops_breweri,yes
944,Megadyptes antipodes,Megadyptes_antipodes,yes
945,Psilopogon henricii,Megalaima_henricii,no
946,Megalaima lineata,Megalaima_lineata,yes
947,Meliphaga analoga,Meliphaga_analoga,yes
948,Melipotes fumigatus,Melipotes_fumigatus,yes
949,Pipilo fuscus,Pipilo_fuscus,yes
950,Melospiza georgiana,Melospiza_georgiana,yes
951,Meliphaga gracilis,Meliphaga_gracilis,yes
952,Melilestes megarhynchus,Melilestes_megarhynchus,yes
953,Pomatostomus isidorei,Pomatostomus_isidorei,yes
954,Melanocharis nigra,Melanocharis_nigra,yes
955,Meliphaga notata,Meliphaga_notata,yes
956,Mergus merganser,Mergus_merganser,yes
957,Merops orientalis,Merops_orientalis,yes
958,Buarremon torquatus,Arremon_torquatus,no
959,Mecocerculus leucophrys,Mecocerculus_leucophrys,yes
960,Micrastur gilvicollis,Micrastur_gilvicollis,yes
961,Micrastur mintoni,Micrastur_mintoni,yes
962,Sula granti,Sula_granti,yes
963,Milvus milvus,Milvus_milvus,yes
964,Mimus polyglottos,Mimus_polyglottos,yes
965,Mionectes macconnelli,Mionectes_macconnelli,yes
966,Mionectes striaticollis,Mionectes_striaticollis,yes
967,Mitu tomentosum,Mitu_tomentosum,yes
968,Mitu tuberosum,Mitu_tuberosum,yes
969,Motacilla alba,Motacilla_alba,yes
970,Molothrus bonariensis,Molothrus_bonariensis,yes
971,Motacilla clara,Motacilla_clara,yes
972,Molothrus badius,Agelaioides_badius,no
973,Pardirallus sanguinolentus,Pardirallus_sanguinolentus,yes
974,Molothrus oryzivorus,Molothrus_oryzivorus,yes
975,Monarcha chrysomela,Monarcha_chrysomela,yes
976,Monarcha guttula,Monarcha_guttula,yes
977,Arses telescopthalmus,Arses_telescophthalmus,no
978,Paroaria coronata,Paroaria_coronata,yes
979,Monarcha melanopsis,Monarcha_melanopsis,yes
980,Monasa nigrifrons,Monasa_nigrifrons,yes
981,Ramphastos tucanus,Ramphastos_tucanus,yes
982,Arses kaupi,Arses_kaupi,yes
983,Monarcha trivirgatus,Monarcha_trivirgatus,yes
984,Grallina cyanoleuca,Grallina_cyanoleuca,yes
985,Muscicapa dauurica,Muscicapa_dauurica,yes
986,Cygnus olor,Cygnus_olor,yes
987,Lanius meridionalis,Lanius_meridionalis,yes
988,Mycteria americana,Mycteria_americana,yes
989,Micrastur semitorquatus,Micrastur_semitorquatus,yes
990,Myiopagis caniceps,Myiopagis_caniceps,yes
991,Buarremon basilicus,Arremon_torquatus,no
992,Myiopagis flavivertex,Myiopagis_flavivertex,yes
993,Myioborus flavivertex,Myioborus_flavivertex,yes
994,Vireo leucophrys,Vireo_leucophrys,yes
995,Turdus flavipes,Turdus_flavipes,yes
996,Phaethornis malaris,Phaethornis_malaris,yes
997,Elaenia chiriquensis,Elaenia_chiriquensis,yes
998,Myiarchus tyrannulus,Myiarchus_tyrannulus,yes
999,Rhytipterna simplex,Rhytipterna_simplex,yes
1000,Campylorhynchus turdinus,Campylorhynchus_turdinus,yes
1001,Cracticus torquatus,Cracticus_torquatus,yes
1002,Cracticus tibicen,Gymnorhina_tibicen,no
1003,Myioborus ornatus,Myioborus_ornatus,yes
1004,Myrmotherula longipennis,Myrmotherula_longipennis,yes
1005,Neothraupis fasciata,Neothraupis_fasciata,yes
1006,Myrmeciza fortis,Myrmeciza_fortis,yes
1007,Myrmeciza hemimelaena,Myrmeciza_hemimelaena,yes
1008,Myrmoborus leucophrys,Myrmoborus_leucophrys,yes
1009,Rhegmatorhina berlepschi,Rhegmatorhina_berlepschi,yes
1010,Schistocichla humaythae,Schistocichla_humaythae,yes
1011,Gymnopithys rufigula,Gymnopithys_rufigula,yes
1012,Myrmotherula menetriesii,Myrmotherula_menetriesii,yes
1013,Thamnomanes ardesiacus,Thamnomanes_ardesiacus,yes
1014,Conopophaga aurita,Conopophaga_aurita,yes
1015,Mionectes oleagineus,Mionectes_oleagineus,yes
1016,Myzomela caledonica,Myzomela_caledonica,yes
1017,Lichmera incana,Lichmera_incana,yes
1018,Myzomela cardinalis,Myzomela_cardinalis,yes
1019,Rhipidura fuliginosa,Rhipidura_fuliginosa,yes
1020,Rhipidura spilodera,Rhipidura_verreauxi,no
1021,Myzomela sanguinolenta,Myzomela_sanguinolenta,yes
1022,Entomyzon cyanotis,Entomyzon_cyanotis,yes
1023,Leptocoma sericea,Nectarinia_aspasia,no
1024,Cyanomitra obscura,Nectarinia_olivacea,no
1025,Cyanomitra cyanolaema,Nectarinia_cyanolaema,no
1026,Nemosia pileata,Nemosia_pileata,yes
1027,Thryothorus genibarbis,Thryothorus_genibarbis,yes
1028,Niltava davidi,Niltava_davidi,yes
1029,Nigrita bicolor,Nigrita_bicolor,yes
1030,Niltava sundara,Niltava_sundara,yes
1031,Niltava vivida,Niltava_vivida,yes
1032,Ninox philippensis,Ninox_philippensis,yes
1033,Ninox scutulata,Ninox_scutulata,yes
1034,Manorina melanocephala,Manorina_melanocephala,yes
1035,Nothocrax urumutum,Nothocrax_urumutum,yes
1036,Nycticorax nycticorax,Nycticorax_nycticorax,yes
1037,Penelope superciliaris,Penelope_superciliaris,yes
1038,Sarcoramphus papa,Sarcoramphus_papa,yes
1039,Amazonetta brasiliensis,Amazonetta_brasiliensis,yes
1040,Anser cygnoides,Anser_cygnoides,yes
1041,Cygnus melancoryphus,Cygnus_melancoryphus,yes
1042,Plectropterus gambensis,Plectropterus_gambensis,yes
1043,Tadorna variegata,Tadorna_variegata,yes
1044,Amazona aestiva,Amazona_aestiva,yes
1045,Anodorhynchus hyacinthinus,Anodorhynchus_hyacinthinus,yes
1046,Cyanopsitta spixii,Cyanopsitta_spixii,yes
1047,Struthio camelus,Struthio_camelus,yes
1048,Nystalus chacuru,Nystalus_chacuru,yes
1049,Nystalus maculatus,Nystalus_maculatus,yes
1050,Oedistoma iliolophum,Toxorhamphus_iliolophus,no
1051,Oreoscopus gutturalis,Oreoscopus_gutturalis,yes
1052,Orthonyx spaldingii,Orthonyx_spaldingii,yes
1053,Acanthiza katherina,Acanthiza_katherina,yes
1054,Tanysiptera galatea,Tanysiptera_galatea,yes
1055,Jynx torquilla,Jynx_torquilla,yes
1056,Dacelo novaeguineae,Dacelo_novaeguineae,yes
1057,Sericornis frontalis,Sericornis_frontalis,yes
1058,Otus scops,Otus_scops,yes
1059,Otus megalotis,Otus_megalotis,yes
1060,Otus sunia,Otus_sunia,yes
1061,Pachycephala caledonica,Pachycephala_caledonica,yes
1062,Pachycephala homeyeri,Pachycephala_homeyeri,yes
1063,Pachyramphus marginatus,Pachyramphus_marginatus,yes
1064,Caryothraustes canadensis,Caryothraustes_canadensis,yes
1065,Mionectes olivaceus,Mionectes_olivaceus,yes
1066,Piranga rubra,Piranga_rubra,yes
1067,Saltator maximus,Saltator_maximus,yes
1068,Pachyramphus rufus,Pachyramphus_rufus,yes
1069,Passerina cyanea,Passerina_cyanea,yes
1070,Euplectes afer,Euplectes_afer,yes
1071,Phasianus colchicus,Phasianus_colchicus,yes
1072,Ardea cinerea,Ardea_cinerea,yes
1073,Strix uralensis,Strix_uralensis,yes
1074,Calidris canutus,Calidris_canutus,yes
1075,Passer moabiticus,Passer_moabiticus,yes
1076,Pseudoleistes guirahuro,Pseudoleistes_guirahuro,yes
1077,Tangara preciosa,Tangara_preciosa,yes
1078,Mniotilta varia,Mniotilta_varia,yes
1079,Campylorhynchus yucatanicus,Campylorhynchus_yucatanicus,yes
1080,Cnemotriccus fuscatus,Cnemotriccus_fuscatus,yes
1081,Elaenia cristata,Elaenia_cristata,yes
1082,Myiopagis viridicata,Myiopagis_viridicata,yes
1083,Tachyphonus phoenicius,Tachyphonus_phoenicius,yes
1084,Tachyphonus cristatus,Tachyphonus_cristatus,yes
1085,Ramphotrigon ruficauda,Ramphotrigon_ruficauda,yes
1086,Saltator grossus,Saltator_grossus,yes
1087,Chrysomus ruficapillus,Chrysomus_ruficapillus,yes
1088,Polioptila dumicola,Polioptila_dumicola,yes
1089,Aegolius acadicus,Aegolius_acadicus,yes
1090,Spheniscus demersus,Spheniscus_demersus,yes
1091,Turdus fumigatus,Turdus_fumigatus,yes
1092,Saltator similis,Saltator_similis,yes
1093,Sittasomus griseicapillus,Sittasomus_griseicapillus,yes
1094,Thlypopsis sordida,Thlypopsis_sordida,yes
1095,Tangara sayaca,Thraupis_sayaca,no
1096,Passer griseus,Passer_griseus,yes
1097,Passer melanurus,Passer_melanurus,yes
1098,Passer diffusus,Passer_diffusus,yes
1099,Hirundo abyssinica,Hirundo_abyssinica,yes
1100,Nyctidromus albicollis,Nyctidromus_albicollis,yes
1101,Coeligena iris,Coeligena_iris,yes
1102,Basileuterus trifasciatus,Basileuterus_trifasciatus,yes
1103,Myiothlypis fraseri,Basileuterus_fraseri,no
1104,Pachyramphus albogriseus,Pachyramphus_albogriseus,yes
1105,Paroaria gularis,Paroaria_gularis,yes
1106,Poecile varius,Parus_varius,no
1107,Emberiza schoeniclus,Emberiza_schoeniclus,yes
1108,Panurus biarmicus,Panurus_biarmicus,yes
1109,Sitta krueperi,Sitta_krueperi,yes
1110,Certhia familiaris,Certhia_familiaris,yes
1111,Pachyramphus versicolor,Pachyramphus_versicolor,yes
1112,Anthus leucophrys,Anthus_leucophrys,yes
1113,Anthus trivialis,Anthus_trivialis,yes
1114,Anthus cinnamomeus,,no
1115,Pellorneum capistratum,Pellorneum_capistratum,yes
1116,Penelope jacquacu,Penelope_jacquacu,yes
1117,Penelope obscura,Penelope_obscura,yes
1118,Penelopides panini,Penelopides_panini,yes
1119,Perisoreus canadensis,Perisoreus_canadensis,yes
1120,Phaeomyias murina,Phaeomyias_murina,yes
1121,Buteogallus urubitinga,Buteogallus_urubitinga,yes
1122,Piprites chloris,Piprites_chloris,yes
1123,Phaeothlypis fulvicauda,Phaeothlypis_fulvicauda,yes
1124,Diuca diuca,Diuca_diuca,yes
1125,Phrygilus alaudinus,Phrygilus_alaudinus,yes
1126,Phaenicophilus palmarum,Phaenicophilus_palmarum,yes
1127,Threnetes niger,Threnetes_niger,yes
1128,Phaethornis syrmatophorus,Phaethornis_syrmatophorus,yes
1129,Phaethornis striigularis,Phaethornis_striigularis,yes
1130,Phrygilus fruticeti,Phrygilus_fruticeti,yes
1131,Philemon buceroides,Philemon_buceroides,yes
1132,Philydor erythropterum,Philydor_erythropterum,yes
1133,Phlegopsis erythroptera,Phlegopsis_erythroptera,yes
1134,Synallaxis rutilans,Synallaxis_rutilans,yes
1135,Pyriglena leuconota,Pyriglena_leuconota,yes
1136,Ammodramus humeralis,Ammodramus_humeralis,yes
1137,Sayornis nigricans,Sayornis_nigricans,yes
1138,Phylloscopus sibilatrix,Phylloscopus_sibilatrix,yes
1139,Luscinia calliope,Luscinia_calliope,yes
1140,Glycifohia notabilis,Phylidonyris_notabilis,no
1141,Pericrocotus cinnamomeus,Pericrocotus_cinnamomeus,yes
1142,Pellorneum ruficeps,Pellorneum_ruficeps,yes
1143,Pericrocotus erythropygius,Pericrocotus_erythropygius,yes
1144,Picus canus,Picus_canus,yes
1145,Piculus flavigula,Piculus_flavigula,yes
1146,Picus vaillantii,Picus_vaillantii,yes
1147,Picus viridis,Picus_viridis,yes
1148,Piranga olivacea,Piranga_olivacea,yes
1149,Picoides pubescens,Picoides_pubescens,yes
1150,Thamnophilus ambiguus,Thamnophilus_ambiguus,yes
1151,Pitohui cristatus,Pitohui_cristatus,yes
1152,Pitohui dichrous,Pitohui_dichrous,yes
1153,Sericornis nouhuysi,Sericornis_nouhuysi,yes
1154,Pitohui incertus,Pitohui_incertus,yes
1155,Pitohui ferrugineus,Pitohui_ferrugineus,yes
1156,Pitohui kirhocephalus,Pitohui_kirhocephalus,yes
1157,Lichenostomus hindwoodi,Lichenostomus_hindwoodi,yes
1158,Pitta versicolor,Pitta_versicolor,yes
1159,Platysteira cyanea,Platysteira_cyanea,yes
1160,Ploceus melanocephalus,Ploceus_melanocephalus,yes
1161,Anthodiaeta platura,Anthreptes_platurus,no
1162,Lamprotornis splendidus,Lamprotornis_splendidus,yes
1163,Ploceus sakalava,Ploceus_sakalava,yes
1164,Cisticola tinniens,Cisticola_tinniens,yes
1165,Prinia maculosa,Prinia_maculosa,yes
1166,Zosterops virens,Zosterops_pallidus,no
1167,Caracara plancus,Caracara_plancus,yes
1168,Myiomela leucura,Cinclidium_leucurum,no
1169,Prinia molleri,Prinia_molleri,yes
1170,Prinia socialis,Prinia_socialis,yes
1171,Psarocolius bifasciatus,Psarocolius_bifasciatus,yes
1172,Pseudhirundo griseopyga,Pseudhirundo_griseopyga,yes
1173,Dendropicos fuscescens,Dendropicos_fuscescens,yes
1174,Plocepasser rufoscapulatus,Plocepasser_rufoscapulatus,yes
1175,Pseudoleistes virescens,Pseudoleistes_virescens,yes
1176,Ploceus benghalensis,Ploceus_benghalensis,yes
1177,Psittacula krameri,Psittacula_krameri,yes
1178,Psophia leucoptera,Psophia_leucoptera,yes
1179,Ptiloris magnificus,Ptiloris_magnificus,yes
1180,Ptiloris victoriae,Ptiloris_victoriae,yes
1181,Ptilinopus rivoli,Ptilinopus_rivoli,yes
1182,Ptilinopus superbus,Ptilinopus_superbus,yes
1183,Ptilinopus magnificus,Ptilinopus_magnificus,yes
1184,Pycnonotus brunneus,Pycnonotus_brunneus,yes
1185,Psittacula eupatria,Psittacula_eupatria,yes
1186,Pycnonotus cyaniventris,Pycnonotus_cyaniventris,yes
1187,Pycnonotus goiavier,Pycnonotus_goiavier,yes
1188,Pycnonotus jocosus,Pycnonotus_jocosus,yes
1189,Pycnonotus melanicterus,Pycnonotus_melanicterus,yes
1190,Stachyris nigriceps,Stachyris_nigriceps,yes
1191,Alcippe brunneicauda,Alcippe_brunneicauda,yes
1192,Pyrrhula erythaca,Pyrrhula_erythaca,yes
1193,Carduelis magellanica,Carduelis_magellanica,yes
1194,Dysithamnus plumbeus,Dysithamnus_plumbeus,yes
1195,Pyriglena leucoptera,Pyriglena_leucoptera,yes
1196,Pyrrhura lepida,Pyrrhura_lepida,yes
1197,Quelea erythrops,Quelea_erythrops,yes
1198,Ardea melanocephala,Ardea_melanocephala,yes
1199,Thraupis palmarum,Thraupis_palmarum,yes
1200,Thraupis episcopus,Thraupis_episcopus,yes
1201,Ramphastos vitellinus,Ramphastos_vitellinus,yes
1202,Motacilla capensis,Motacilla_capensis,yes
1203,Lanius nubicus,Lanius_nubicus,yes
1204,Lanius minor,Lanius_minor,yes
1205,Lanius tephronotus,Lanius_tephronotus,yes
1206,Lanius collaris,Lanius_collaris,yes
1207,Uraeginthus bengalus,Uraeginthus_bengalus,yes
1208,Euplectes macroura,Euplectes_macroura,yes
1209,Chalcomitra senegalensis,Nectarinia_senegalensis,no
1210,Cisticola guinea,Cisticola_guinea,yes
1211,Sporopipes frontalis,Sporopipes_frontalis,yes
1212,Saxicola tectes,Saxicola_tectes,yes
1213,Chloropeta similis,Chloropeta_similis,yes
1214,Lagonosticta senegala,Lagonosticta_senegala,yes
1215,Cinnyris bouvieri,Nectarinia_bouvieri,no
1216,Regulus regulus,Regulus_regulus,yes
1217,Cisticola cantans,Cisticola_cantans,yes
1218,Lagonosticta sanguinodorsalis,Lagonosticta_sanguinodorsalis,yes
1219,Rhipidura aureola,Rhipidura_aureola,yes
1220,Chlorophanes spiza,Chlorophanes_spiza,yes
1221,Cercotrichas galactotes,Erythropygia_galactotes,no
1222,Ploceus intermedius,Ploceus_intermedius,yes
1223,Hieraaetus wahlbergi,Aquila_wahlbergi,no
1224,Streptopelia turtur,Streptopelia_turtur,yes
1225,Agelaius phoeniceus,Agelaius_phoeniceus,yes
1226,Saltator atricollis,Saltator_atricollis,yes
1227,Saltator aurantiirostris,Saltator_aurantiirostris,yes
1228,Sicalis luteola,Sicalis_luteola,yes
1229,Sarcops calvus,Sarcops_calvus,yes
1230,Malaconotus sulfureopectus,Telophorus_sulfureopectus,no
1231,Corvus orru,Corvus_orru,yes
1232,Todiramphus sanctus,Todiramphus_sanctus,yes
1233,Schistochlamys ruficapillus,Schistochlamys_ruficapillus,yes
1234,Schiffornis turdina,Schiffornis_turdina,yes
1235,Seiurus aurocapilla,Seiurus_aurocapilla,yes
1236,Thryomanes bewickii,Thryomanes_bewickii,yes
1237,Spizella passerina,Spizella_passerina,yes
1238,Zonotrichia albicollis,Zonotrichia_albicollis,yes
1239,Cyanocorax yncas,Cyanocorax_yncas,yes
1240,Serinus canaria,Serinus_canaria,yes
1241,Spiza americana,Spiza_americana,yes
1242,Ammodramus henslowii,Ammodramus_henslowii,yes
1243,Parula americana,Parula_americana,yes
1244,Serpophaga cinerea,Serpophaga_cinerea,yes
1245,Sericornis citreogularis,Sericornis_citreogularis,yes
1246,Gerygone mouki,Gerygone_mouki,yes
1247,Eremophila alpestris,Eremophila_alpestris,yes
1248,Emberiza tahapisi,Emberiza_tahapisi,yes
1249,Passer luteus,Passer_luteus,yes
1250,Tragopan temminckii,Tragopan_temminckii,yes
1251,Pachyptila belcheri,Pachyptila_belcheri,yes
1252,Botaurus stellaris,Botaurus_stellaris,yes
1253,Ciconia ciconia,Ciconia_ciconia,yes
1254,Marmaronetta angustirostris,Marmaronetta_angustirostris,yes
1255,Perdix perdix,Perdix_perdix,yes
1256,Emberiza calandra,Miliaria_calandra,no
1257,Monticola saxatilis,Monticola_saxatilis,yes
1258,Oenanthe oenanthe,Oenanthe_oenanthe,yes
1259,Saxicola maura,Saxicola_torquatus,no
1260,Sylvia undata,Sylvia_undata,yes
1261,Amazilia chionogaster,Amazilia_chionogaster,yes
1262,Colibri coruscans,Colibri_coruscans,yes
1263,Conirostrum cinereum,Conirostrum_cinereum,yes
1264,Phleocryptes melanops,Phleocryptes_melanops,yes
1265,Gallinago gallinago,Gallinago_gallinago,yes
1266,Himantopus himantopus,Himantopus_himantopus,yes
1267,Cercotrichas coryphoeus,Erythropygia_coryphaeus,no
1268,Sialia mexicana,Sialia_mexicana,yes
1269,Sialia sialis,Sialia_sialis,yes
1270,Lophorina superba,Lophorina_superba,yes
1271,Diphyllodes magnificus,Cicinnurus_magnificus,no
1272,Tangara mexicana,Tangara_mexicana,yes
1273,Tangara cyanicollis,Tangara_cyanicollis,yes
1274,Psarocolius montezuma,Psarocolius_montezuma,yes
1275,Phoeniconaias minor,Phoeniconaias_minor,yes
1276,Spizella arborea,Spizella_arborea,yes
1277,Spindalis dominicensis,Spindalis_dominicensis,yes
1278,Musophaga violacea,Musophaga_violacea,yes
1279,Spheniscus mendiculus,Spheniscus_mendiculus,yes
1280,Geospiza fortis,Geospiza_fortis,yes
1281,Acridotheres ginginianus,Acridotheres_ginginianus,yes
1282,Stachyris strialata,Stachyris_striolata,no
1283,Streptopelia tranquebarica,Streptopelia_tranquebarica,yes
1284,Zosterops palpebrosus,Zosterops_palpebrosus,yes
1285,Streptopelia chinensis,Stigmatopelia_chinensis,no
1286,Calidris ruficollis,Calidris_ruficollis,yes
1287,Strix woodfordii,Strix_woodfordii,yes
1288,Streptopelia picturata,Nesoenas_picturata,no
1289,Streptoprocne zonaris,Streptoprocne_zonaris,yes
1290,Strix seloputo,Strix_seloputo,yes
1291,Streptopelia senegalensis,Stigmatopelia_senegalensis,no
1292,Sturnus unicolor,Sturnus_unicolor,yes
1293,Sturnella superciliaris,Sturnella_superciliaris,yes
1294,Suiriri suiriri,Suiriri_suiriri,yes
1295,Galerida modesta,Galerida_modesta,yes
1296,Locustella naevia,Locustella_naevia,yes
1297,Petroica macrocephala,Petroica_macrocephala,yes
1298,Hemiphaga novaeseelandiae,Hemiphaga_novaeseelandiae,yes
1299,Meleagris gallopavo,Meleagris_gallopavo,yes
1300,Synallaxis whitneyi,Synallaxis_whitneyi,yes
1301,Sylvia hortensis,Sylvia_hortensis,yes
1302,Dendroica dominica,Dendroica_dominica,yes
1303,Dendroica fusca,Dendroica_fusca,yes
1304,Vermivora pinus,Vermivora_pinus,yes
1305,Tachyphonus luctuosus,Tachyphonus_luctuosus,yes
1306,Tachuris rubrigastra,Tachuris_rubrigastra,yes
1307,Tangara cayana,Tangara_cayana,yes
1308,Tangara icterocephala,Tangara_icterocephala,yes
1309,Vireo olivaceus,Vireo_olivaceus,yes
1310,Tangara nigroviridis,Tangara_nigroviridis,yes
1311,Hemispingus superciliaris,Hemispingus_superciliaris,yes
1312,Tangara vassorii,Tangara_vassorii,yes
1313,Eriocnemis vestita,Eriocnemis_vestita,yes
1314,Tangara schrankii,Tangara_schrankii,yes
1315,Tangara chilensis,Tangara_chilensis,yes
1316,Tangara gyrola,Tangara_gyrola,yes
1317,Tachycineta thalassina,Tachycineta_thalassina,yes
1318,Terenotriccus erythrurus,Terenotriccus_erythrurus,yes
1319,Terpsiphone rufiventer,Terpsiphone_rufiventer,yes
1320,Thamnophilus murinus,Thamnophilus_murinus,yes
1321,Myrmeciza goeldii,Myrmeciza_goeldii,yes
1322,Thalurania fannyi,Thalurania_fannyi,yes
1323,Thalurania furcata,Thalurania_furcata,yes
1324,Rhegmatorhina gymnops,Rhegmatorhina_gymnops,yes
1325,Rhegmatorhina hoffmannsi,Rhegmatorhina_hoffmannsi,yes
1326,Xiphorhynchus elegans,Xiphorhynchus_elegans,yes
1327,Hypocnemis hypoxantha,Hypocnemis_hypoxantha,yes
1328,Sakesphorus cristatus,Sakesphorus_cristatus,yes
1329,Tiaris bicolor,Tiaris_bicolor,yes
1330,Tockus flavirostris,Tockus_flavirostris,yes
1331,Pachyramphus validus,Pachyramphus_validus,yes
1332,Toxostoma rufum,Toxostoma_rufum,yes
1333,Tregellasia capito,Tregellasia_capito,yes
1334,Anabazenops fuscus,Anabazenops_fuscus,yes
1335,Conirostrum tamarugense,Conirostrum_tamarugense,yes
1336,Phaethornis superciliosus,Phaethornis_superciliosus,yes
1337,Phaethornis baroni,Phaethornis_longirostris,no
1338,Coeligena torquata,Coeligena_torquata,yes
1339,Eriocnemis cupreoventris,Eriocnemis_cupreoventris,yes
1340,Eriocnemis derbyi,Eriocnemis_derbyi,yes
1341,Amazilia alticola,Amazilia_amazilia,no
1342,Boissonneaua matthewsii,Boissonneaua_matthewsii,yes
1343,Colibri thalassinus,Colibri_thalassinus,yes
1344,Heliangelus viola,Heliangelus_viola,yes
1345,Lafresnaya lafresnayi,Lafresnaya_lafresnayi,yes
1346,Phaethornis griseogularis,Phaethornis_griseogularis,yes
1347,Amblycercus holosericeus,Amblycercus_holosericeus,yes
1348,Campylorhynchus fasciatus,Campylorhynchus_fasciatus,yes
1349,Cinnycerthia unirufa,Cinnycerthia_unirufa,yes
1350,Cranioleuca antisiensis,Cranioleuca_antisiensis,yes
1351,Elaenia pallatangae,Elaenia_pallatangae,yes
1352,Hellmayrea gularis,Hellmayrea_gularis,yes
1353,Icterus mesomelas,Icterus_mesomelas,yes
1354,Lepidocolaptes lacrymiger,Lepidocolaptes_lacrymiger,yes
1355,Myadestes ralloides,Myadestes_ralloides,yes
1356,Myioborus miniatus,Myioborus_miniatus,yes
1357,Myiothlypis coronata,Basileuterus_coronatus,no
1358,Myiothlypis nigrocristata,Basileuterus_nigrocristatus,no
1359,Ochthoeca rufipectoralis,Ochthoeca_rufipectoralis,yes
1360,Pipreola riefferii,Pipreola_riefferii,yes
1361,Synallaxis azarae,Synallaxis_azarae,yes
1362,Thraupis cyanocephala,Thraupis_cyanocephala,yes
1363,Tiaris obscura,Tiaris_obscurus,no
1364,Turdus nigriceps,Turdus_nigriceps,yes
1365,Turdus serranus,Turdus_serranus,yes
1366,Trogon personatus,Trogon_personatus,yes
1367,Turdus albicollis,Turdus_albicollis,yes
1368,Turdus cardis,Turdus_cardis,yes
1369,Turdus chrysolaus,Turdus_chrysolaus,yes
1370,Turdus iliacus,Turdus_iliacus,yes
1371,Pachyramphus viridis,Pachyramphus_viridis,yes
1372,Hylocichla mustelina,Hylocichla_mustelina,yes
1373,Turdus obscurus,Turdus_obscurus,yes
1374,Turdus olivater,Turdus_olivater,yes
1375,Cyanoramphus auriceps,Cyanoramphus_auriceps,yes
1376,Turdus torquatus,Turdus_torquatus,yes
1377,Bolborhynchus lineola,Bolborhynchus_lineola,yes
1378,Turdus rubrocanus,Turdus_rubrocanus,yes
1379,Turdoides gularis,Turdoides_gularis,yes
1380,Turdoides striata,Turdoides_striata,yes
1381,Turtur tympanistria,Turtur_tympanistria,yes
1382,Upupa epops,Upupa_epops,yes
1383,Vireo altiloquus,Vireo_altiloquus,yes
1384,Vireo gilvus,Vireo_gilvus,yes
1385,Cyclarhis gujanensis,Cyclarhis_gujanensis,yes
1386,Celeus flavescens,Celeus_flavescens,yes
1387,Dryocopus lineatus,Dryocopus_lineatus,yes
1388,Hylophilus amaurocephalus,Hylophilus_amaurocephalus,yes
1389,Xiphorhynchus spixii,Xiphorhynchus_spixii,yes
1390,Piaya cayana,Piaya_cayana,yes
1391,Poecilotriccus fumifrons,Poecilotriccus_fumifrons,yes
1392,Xanthotis flaviventer,Xanthotis_flaviventer,yes
1393,Xanthotis macleayanus,Xanthotis_macleayanus,yes
1394,Xenops minutus,Xenops_minutus,yes
1395,Xiphorhynchus obsoletus,Xiphorhynchus_obsoletus,yes
1396,Xiphorhynchus pardalotus,Xiphorhynchus_pardalotus,yes
1397,Zosterops minutus,Zosterops_minutus,yes
1398,Zosterops poliogastrus,Zosterops_poliogastrus,yes
1399,Zosterops brunneus,Speirops_brunneus,no
1400,Motacilla cinerea,Motacilla_cinerea,yes
1401,Zenaida auriculata,Zenaida_auriculata,yes
1402,Zenaida meloda,Zenaida_meloda,yes
1403,Zenaida aurita,Zenaida_aurita,yes
1404,Metriopelia ceciliae,Metriopelia_ceciliae,yes
1405,Zosterops abyssinicus,Zosterops_abyssinicus,yes
1406,Zosterops olivaceus,Zosterops_olivaceus,yes
1407,Zosterops mauritianus,Zosterops_borbonicus,no
1408,Zosterops montanus,Zosterops_montanus,yes
1409,Zoothera lunulata,Zoothera_lunulata,yes
1410,Macropygia mackinlayi,Macropygia_mackinlayi,yes
1411,Todiramphus chloris,Todiramphus_chloris,yes
1412,Ptilinopus greyii,Ptilinopus_greyii,yes
1413,Zosterops fuscicapilla,Zosterops_fuscicapilla,yes
1414,Zosterops lugubris,Speirops_lugubris,no
1415,Zosterops feae,Zosterops_ficedulinus,no
